iso2c	iso3c	country	date	SP.POP.TOTL	IT.NET.USER.ZS	SP.DYN.LE00.IN	ST.INT.ARVL	GB.XPD.RSDV.GD.ZS	NY.GDP.MKTP.PP.CD
AT	AUT	Austria	2000	8011566	33.73013295	78.1268292682927	17982000	1.88602	235436116744.555
AT	AUT	Austria	2002	8081957	36.56	78.6780487804878	18611000	2.06598	251984858807.042
AT	AUT	Austria	2015	8642699	83.94014193	81.190243902439	26728000	3.04979	431091486465.673
AT	AUT	Austria	2011	8391643	78.7399931	80.9829268292683	23012000	2.66868	373031463577.163
AT	AUT	Austria	2014	8546356	80.99582496	81.490243902439	25291000	3.08429	417059741085.658
AT	AUT	Austria	2001	8042293	39.18545018	78.5756097560976	18180000	1.9921	238980854446.326
AT	AUT	Austria	2007	8295487	69.37	80.1804878048781	20773000	2.41843	326756619923.805
AT	AUT	Austria	2012	8429991	80.02999392	80.9365853658537	24151000	2.91472	391635006784.261
AT	AUT	Austria	2013	8479823	80.6188	81.1365853658537	24813000	2.95492	406370494341.228
AT	AUT	Austria	2019	8877067	87.75220479				524728424244.656
AT	AUT	Austria	2010	8363404	75.17	80.5804878048781	22004000	2.7261	351576515990.438
AT	AUT	Austria	2003	8121423	42.7	78.6317073170732	19078000	2.17456	260771892808.661
AT	AUT	Austria	2017	8797566	87.93558659	81.6439024390244	29460000	3.05212	480672624842.608
AT	AUT	Austria	2004	8171966	54.28	79.1804878048781	19374000	2.16612	275748269094.012
AT	AUT	Austria	2006	8268641	63.6	79.8804878048781	20269000	2.35923	311039320003.298
AT	AUT	Austria	2009	8343323	73.45	80.3317073170732	21355000	2.59674	341721658045.841
AT	AUT	Austria	2005	8227829	58	79.3317073170732	19952000	2.37324	288086851811.747
AT	AUT	Austria	2008	8321496	72.87	80.4317073170732	21935000	2.56945	343812802543
AT	AUT	Austria	2018	8840521	87.47913723	81.6926829268293	30816000	3.17177	502771138675.55
AT	AUT	Austria	2016	8736668	84.32374257	81.6414634146342	28121000	3.12588	459839268477.882
BE	BEL	Belgium	2009	10796493	70	80.0341463414634	6815000	1.98537	407954861225.586
BE	BEL	Belgium	2010	10895586	75	80.1829268292683	7186000	2.05081	434371355469.353
BE	BEL	Belgium	2004	10421137	53.86	78.8780487804878	6710000	1.80898	333830859759.856
BE	BEL	Belgium	2014	11209057	85	81.2878048780488	7887000	2.38729	503619406808.679
BE	BEL	Belgium	2019	11484055	90.37051309				626399512740.897
BE	BEL	Belgium	2015	11274196	85.05294175	80.9926829268293	8355000	2.46123	521017424704.67
BE	BEL	Belgium	2008	10709973	66	79.6804878048781	7165000	1.92413	405729462246.522
BE	BEL	Belgium	2016	11331422	86.51647666	81.4390243902439	7481000	2.55595	550808613604.066
BE	BEL	Belgium	2007	10625700	64.44	79.7829268292683	7045000	1.84413	390526169837.718
BE	BEL	Belgium	2017	11375158	87.67968082	81.4926829268293	8385000	2.70234	577007008859.085
BE	BEL	Belgium	2003	10376133	49.97	78.1292682926829	6690000	1.83184	320612812417.695
BE	BEL	Belgium	2013	11159407	82.1702	80.5878048780488	7684000	2.33393	487343797679.386
BE	BEL	Belgium	2001	10286570	31.28839551	77.9731707317073	6452000	2.02168	296257206516.574
BE	BEL	Belgium	2000	10251250	29.43169169	77.7219512195122	6457000	1.92236	284933266798.329
BE	BEL	Belgium	2006	10547958	59.72	79.380487804878	6995000	1.81426	371463742038.671
BE	BEL	Belgium	2018	11427054	88.65506428	81.5951219512195	9119000	2.82119	597058697423.143
BE	BEL	Belgium	2012	11106932	80.71999055	80.3853658536585	7560000	2.27334	469720618339.766
BE	BEL	Belgium	2011	11038264	81.609996	80.5853658536585	7494000	2.15533	451932718764.387
BE	BEL	Belgium	2005	10478617	55.82	78.9804878048781	6747000	1.78231	347658412088.972
BE	BEL	Belgium	2002	10332785	46.33	78.0756097560976	6720000	1.89073	312900377877.018
BG	BGR	Bulgaria	2011	7348328	47.97999305	74.1634146341463	6328000	0.53191	115083648626.799
BG	BGR	Bulgaria	2007	7545338	33.64	72.6634146341463	5151000	0.43024	96565937176.0237
BG	BGR	Bulgaria	2015	7177991	56.65625161	74.6146341463415	7099000	0.96015	131658428003.254
BG	BGR	Bulgaria	2008	7492561	39.67	72.9634146341463	5780000	0.44787	107411079958.873
BG	BGR	Bulgaria	2006	7601022	27.09	72.6121951219512	5158000	0.4454	86608671601.8735
BG	BGR	Bulgaria	2004	7716860	18.13	72.5634146341463	4630000	0.47449	70942301509.2996
BG	BGR	Bulgaria	2017	7075947	63.41010138	74.8146341463415	8883000	0.75239	151163661579.869
BG	BGR	Bulgaria	2014	7223938	55.49	74.4658536585366	7311000	0.79377	126819807733.502
BG	BGR	Bulgaria	2009	7444443	45	73.4121951219512	5739000	0.4947	105623017310.439
BG	BGR	Bulgaria	2018	7025037	64.78201069	74.9634146341464	9273000	0.76803	158775695747.694
BG	BGR	Bulgaria	2001	8009142	7.612297749	71.7682926829268	3186000	0.45052	55759141410.8366
BG	BGR	Bulgaria	2002	7837161	9.08	71.8658536585366	3433000	0.46834	61023165058.3313
BG	BGR	Bulgaria	2000	8170172	5.370923469	71.6634146341463	2785000	0.49866	52488430058.4563
BG	BGR	Bulgaria	2005	7658972	19.97	72.5609756097561	4837000	0.44617	78822084261.4183
BG	BGR	Bulgaria	2019	6975761	67.94698094				171332939789.409
BG	BGR	Bulgaria	2016	7127822	59.82554766	74.8121951219512	8252000	0.78006	141742313480.649
BG	BGR	Bulgaria	2013	7265115	53.0615	74.8609756097561	6898000	0.63724	120468470227.776
BG	BGR	Bulgaria	2010	7395599	46.23	73.5121951219512	6047000	0.56387	109990115831.443
BG	BGR	Bulgaria	2003	7775327	12.04	72.0658536585366	4048000	0.47587	65373281344.573
BG	BGR	Bulgaria	2012	7305888	51.89998767	74.3146341463415	6541000	0.60479	118659552117.733
CY	CYP	Cyprus	2001	960276	18.81875904	78.139	2697000	0.23694	16045425527.8132
CY	CYP	Cyprus	2000	943290	15.25539437	78.009	2686000	0.2269	14780314145.9609
CY	CYP	Cyprus	2013	1143866	65.4548	79.999	2405000	0.48218	26181488763.0206
CY	CYP	Cyprus	2012	1135046	60.6898684	79.812	2465000	0.43778	27503409470.4567
CY	CYP	Cyprus	2017	1179680	80.74318897	80.672	3652000	0.56092	32461369545.2405
CY	CYP	Cyprus	2010	1112612	52.99	79.43	2173000	0.44663	27741573353.8928
CY	CYP	Cyprus	2011	1124833	56.85989235	79.621	2392000	0.45554	28345891540.0357
CY	CYP	Cyprus	2019	1198575	86.06362996				36376855078.9005
CY	CYP	Cyprus	2004	1010408	33.83	78.506	2349000	0.33564	18870225579.1067
CY	CYP	Cyprus	2002	976964	28.32	78.264	2418000	0.27967	16716214674.5424
CY	CYP	Cyprus	2016	1170187	75.9002054	80.513	3187000	0.53442	30135749614.2885
CY	CYP	Cyprus	2007	1063713	40.77	78.91	2416000	0.40007	25198118570.7654
CY	CYP	Cyprus	2009	1098083	49.81	79.245	2141000	0.44442	27406516369.4977
CY	CYP	Cyprus	2006	1045507	35.83	78.764	2401000	0.38346	22513299138.0451
CY	CYP	Cyprus	2018	1189265	84.43358252	80.828	3939000	0.55859	34574175050.8282
CY	CYP	Cyprus	2008	1081563	42.31	79.071	2404000	0.38601	27398523232.8023
CY	CYP	Cyprus	2003	993563	30.09	78.385	2303000	0.31834	17421216997.804
CY	CYP	Cyprus	2005	1027662	32.81	78.63	2470000	0.36727	20504289938.429
CY	CYP	Cyprus	2014	1152285	69.33	80.178	2441000	0.50835	25611630279.2852
CY	CYP	Cyprus	2015	1160985	71.71574092	80.35	2659000	0.48059	26889780680.0175
CZ	CZE	Czech Republic	2008	10384603	62.97	76.9756097560976	6649000	1.23933	289157145081.601
CZ	CZE	Czech Republic	2006	10238905	47.93	76.5243902439024	6435000	1.23173	243404083714.201
CZ	CZE	Czech Republic	2019	10669709	80.86694441				454269384965.603
CZ	CZE	Czech Republic	2017	10594438	78.71917285	78.9780487804878	10160000	1.79079	407774582307.656
CZ	CZE	Czech Republic	2018	10629928	80.68816754	79.0292682926829	10611000	1.92829	429335963329.522
CZ	CZE	Czech Republic	2002	10196916	23.93	75.2219512195122	4743000	1.10202	185474094813.637
CZ	CZE	Czech Republic	2009	10443936	64.43	77.0780487804878	6032000	1.29438	288463589224.797
CZ	CZE	Czech Republic	2001	10216605	14.69717212	75.1731707317073	5405000	1.10333	179349020434.32
CZ	CZE	Czech Republic	2005	10211216	35.27	75.9243902439025	6336000	1.16835	224201378156.886
CZ	CZE	Czech Republic	2003	10193998	34.3	75.1707317073171	5076000	1.14741	198032542823.473
CZ	CZE	Czech Republic	2011	10496088	70.49	77.8731707317073	6715000	1.55571	302260233093.211
CZ	CZE	Czech Republic	2000	10255063	9.780527888	74.9682926829268	4773000	1.11319	166076931522.484
CZ	CZE	Czech Republic	2004	10197101	35.5	75.7219512195122	6061000	1.14559	212092065914.918
CZ	CZE	Czech Republic	2010	10474410	68.82	77.4243902439025	6334000	1.33688	290016958369.654
CZ	CZE	Czech Republic	2007	10298828	51.93	76.7243902439025	6680000	1.30228	269036163173.588
CZ	CZE	Czech Republic	2014	10525347	74.23171164	78.8243902439024	8096000	1.97285	339582593690.886
CZ	CZE	Czech Republic	2013	10514272	74.1104	78.1756097560976	7852000	1.89973	320535090730.576
CZ	CZE	Czech Republic	2012	10510785	73.43000782	78.0756097560976	7647000	1.78231	305309362168.598
CZ	CZE	Czech Republic	2016	10566332	76.4811987	79.0268292682927	9321000	1.68015	379085413179.319
CZ	CZE	Czech Republic	2015	10546059	75.6688387	78.5780487804878	8707000	1.92923	355311747821.274
DE	DEU	Germany	2004	82516260	64.73	78.6804878048781	20137000	2.4265	2583207076040.95
DE	DEU	Germany	2000	82211508	30.2163466	77.9268292682927	18983000	2.4014	2236911602807.63
DE	DEU	Germany	2001	82349925	31.65093942	78.3292682926829	17861000	2.39631	2337145131620
DE	DEU	Germany	2013	80645605	84.17	80.490243902439	31545000	2.82105	3628559701800.76
DE	DEU	Germany	2011	80274983	81.26999954	80.4365853658537	28374000	2.79562	3415020684916.05
DE	DEU	Germany	2012	80425823	82.34999847	80.5390243902439	30411000	2.86813	3487232707438.34
DE	DEU	Germany	2003	82534176	55.9	78.3804878048781	18399000	2.46513	2465749300937.88
DE	DEU	Germany	2002	82488495	48.82	78.2292682926829	17969000	2.4239	2406901890705.46
DE	DEU	Germany	2008	82110097	78	79.7365853658537	24884000	2.59957	3103957698735.13
DE	DEU	Germany	2005	82469422	68.71	78.9317073170732	21500000	2.42861	2622040720917.68
DE	DEU	Germany	2009	81902307	79	79.8365853658537	24220000	2.72644	3018205018720.86
DE	DEU	Germany	2006	82376451	72.16	79.1317073170732	23569000	2.46388	2810612327627.45
DE	DEU	Germany	2017	82657002	84.3941537	80.9926829268293	37452000	3.03763	4381793826850.42
DE	DEU	Germany	2015	81686611	87.58979935	80.6414634146341	34970000	2.91197	3895127090047.34
DE	DEU	Germany	2019	83132799	88.13451691				4659794737398.96
DE	DEU	Germany	2010	81776930	82	79.9878048780488	26875000	2.71367	3187561994873.85
DE	DEU	Germany	2007	82266372	75.16	79.5341463414634	24421000	2.44709	2982137360500.33
DE	DEU	Germany	2018	82905782	87.03711209	80.8926829268293	38881000	3.09415	4514794305292.67
DE	DEU	Germany	2016	82348669	84.16520664	80.990243902439	35555000	2.91712	4163898794181.89
DE	DEU	Germany	2014	80982500	86.19	81.090243902439	32999000	2.86691	3807112936430.42
DK	DNK	Denmark	2003	5390574	76.26	77.1439024390244	3474000	2.51085	165958121874.319
DK	DNK	Denmark	2004	5404523	80.93	77.4926829268293	4421000	2.41916	177856541414.866
DK	DNK	Denmark	2006	5437272	86.65	78.0951219512195	9630000	2.403	202752403003.646
DK	DNK	Denmark	2011	5570572	89.81001339	79.8	8471000	2.94465	247352252302.688
DK	DNK	Denmark	2002	5375931	64.25	76.8951219512195	3436000	2.44145	164720383885.92
DK	DNK	Denmark	2010	5547683	88.72	79.1	9425000	2.91707	238726825969.431
DK	DNK	Denmark	2012	5591572	92.26001172	80.0512195121951	8443000	2.98125	250524614311.535
DK	DNK	Denmark	2014	5643475	95.99	80.7	10267000	2.91409	270330620655.251
DK	DNK	Denmark	2008	5493621	85.02	78.4463414634146	9564000	2.77346	226767483101.984
DK	DNK	Denmark	2005	5419432	82.74	77.8439024390244	9587000	2.39337	185074466960.377
DK	DNK	Denmark	2018	5793636	97.31920437	80.9536585365854	12749000	3.06408	331502619455.559
DK	DNK	Denmark	2017	5764980	97.09936216	81.1024390243903	12426000	3.046	317448098301.086
DK	DNK	Denmark	2015	5683483	96.33050162	80.7024390243902	10424000	3.05497	278823156813.193
DK	DNK	Denmark	2001	5358783	42.95752472	76.7926829268293	3684000	2.32466	157815663322.281
DK	DNK	Denmark	2016	5728010	96.96778525	80.8536585365854	10781000	3.10401	297688974563.072
DK	DNK	Denmark	2013	5614932	94.6297	80.3	8557000	2.97048	262368108591.261
DK	DNK	Denmark	2019	5818553	98.04643475				348124923446.605
DK	DNK	Denmark	2009	5523095	86.84	78.5975609756098	9265000	3.05514	222968590830.819
DK	DNK	Denmark	2000	5339616	39.17243086	76.5926829268293	3535000		153080721837.008
DK	DNK	Denmark	2007	5461438	85.03	78.1951219512195	9832000	2.51541	212808607093.313
ES	ESP	Spain	2004	42921895	44.01	79.8707317073171	52430000	1.03849	1121116894298.13
ES	ESP	Spain	2006	44397319	50.37	80.8219512195122	58004000	1.17217	1362250063103.38
ES	ESP	Spain	2012	46773055	69.80999994	82.4268292682927	57464000	1.28788	1483646917303.62
ES	ESP	Spain	2000	40567864	13.62496081	78.9658536585366	46403000	0.88495	875954915805.158
ES	ESP	Spain	2014	46480882	76.19	83.2292682926829	64939000	1.23535	1558305994181.4
ES	ESP	Spain	2003	42187645	39.93	79.619512195122	50854000	1.02219	1055482611361.23
ES	ESP	Spain	2011	46742697	67.08999939	82.4756097560976	56177000	1.32508	1489595017146.76
ES	ESP	Spain	2002	41431558	20.39	79.5682926829268	50331000	0.96005	1009753311276.12
ES	ESP	Spain	2007	45226803	55.11	80.8731707317073	58666000	1.23448	1466966823610.29
ES	ESP	Spain	2010	46576897	65.8	81.6268292682927	52677000	1.34961	1476667689923.04
ES	ESP	Spain	2016	46484062	80.56133294	83.3292682926829	75315000	1.18526	1733039369294.66
ES	ESP	Spain	2008	45954106	59.6	81.1756097560976	57192000	1.31706	1528583945708.69
ES	ESP	Spain	2005	43653155	47.88	80.1707317073171	55914000	1.09577	1205129771230.45
ES	ESP	Spain	2018	46797754	86.10723553	83.4317073170732	82773000	1.237	1894494241788.17
ES	ESP	Spain	2017	46593236	84.6022457	83.2829268292683	81869000	1.2058	1843952249000.96
ES	ESP	Spain	2009	46362946	62.4	81.4756097560976	52178000	1.35134	1489328542180.25
ES	ESP	Spain	2013	46620045	71.635	83.0780487804878	60675000	1.26859	1512074688796.68
ES	ESP	Spain	2019	47076781	90.71866533				1987305371639.04
ES	ESP	Spain	2001	40850412	18.14872269	79.3682926829268	48565000	0.89019	937884907929.823
ES	ESP	Spain	2015	46444832	78.68963187	82.8317073170732	68175000	1.21832	1621504088407.1
EE	EST	Estonia	2016	1315790	87.24023275	77.6414634146342	3131000	1.2468	41094057419.7484
EE	EST	Estonia	2017	1317384	88.10245687	78.0926829268293	3244000	1.28867	44555137202.5778
EE	EST	Estonia	2018	1321977	89.35700777	78.2439024390244	3234000	1.42515	48064476467.9168
EE	EST	Estonia	2007	1340680	66.19	72.8146341463415	1900000	1.06884	29721058984.5131
EE	EST	Estonia	2002	1379350	41.52	70.9048780487805	1362000	0.71649	16097518329.2373
EE	EST	Estonia	2005	1354775	61.45	72.5682926829268	1917000	0.92364	22523015210.7572
EE	EST	Estonia	2006	1346810	63.51	72.6914634146341	1940000	1.11666	26006907483.4107
EE	EST	Estonia	2019	1326590	89.53232756				51486474644.4343
EE	EST	Estonia	2004	1362550	53.2	71.909756097561	1750000	0.85193	19786074394.2991
EE	EST	Estonia	2003	1370720	45.32	71.3170731707317	1462000	0.76777	17987997014.2133
EE	EST	Estonia	2008	1337090	70.58	73.7707317073171	2222000	1.25952	30525885461.1003
EE	EST	Estonia	2014	1314545	84.24152803	77.0341463414634	3160000	1.42931	38300194537.7593
EE	EST	Estonia	2010	1331475	74.1	75.4292682926829	2511000	1.58162	29038702699.534
EE	EST	Estonia	2012	1322696	78.38992593	76.3268292682927	2957000	2.12265	34642139626.1105
EE	EST	Estonia	2001	1388115	31.52748977	70.2585365853659	1320000	0.69946	14334071471.3286
EE	EST	Estonia	2013	1317997	80.0043	77.1414634146341	3111000	1.72216	36432844586.0068
EE	EST	Estonia	2015	1315407	88.4097035	77.590243902439	2961000	1.46604	38669190378.0171
EE	EST	Estonia	2009	1334515	72.5	74.8243902439024	2180000	1.39541	27509108593.9042
EE	EST	Estonia	2011	1327439	76.5	76.2292682926829	2823000	2.30655	32890577599.6873
EE	EST	Estonia	2000	1396985	28.57695381	70.4170731707317	1220000	0.60009	13183686617.8554
FI	FIN	Finland	2016	5495303	87.70364996	81.4292682926829	2789000	2.74264	246903462491.942
FI	FIN	Finland	2008	5313399	83.67	79.5682926829268	2494000	3.54708	212980676990.544
FI	FIN	Finland	2013	5438972	91.5144	80.9756097560976	2797000	3.28719	225680035610.262
FI	FIN	Finland	2015	5479531	86.42213333	81.4804878048781	2622000	2.89157	232930102787.426
FI	FIN	Finland	2009	5338871	82.49	79.719512195122	2220000	3.74883	202924165959.537
FI	FIN	Finland	2006	5266268	79.66	79.2146341463415	2317000	3.33762	181231093044.756
FI	FIN	Finland	2010	5363352	86.89	79.8707317073171	2319000	3.72598	209077048564.577
FI	FIN	Finland	2004	5228172	72.39	78.7146341463415	2083000	3.31494	162980164132.004
FI	FIN	Finland	2005	5246096	74.48	78.8170731707317	2080000	3.32976	168146788316.398
FI	FIN	Finland	2011	5388272	88.70999491	80.4707317073171	2623000	3.63881	220471055643.893
FI	FIN	Finland	2019	5520314	89.60738511				283323675921.652
FI	FIN	Finland	2017	5508214	87.46892907	81.6317073170732	3180000	2.7569	261536686678.341
FI	FIN	Finland	2014	5461512	86.53039275	81.1804878048781	2731000	3.16931	228058553146.46
FI	FIN	Finland	2018	5515525	88.88996	81.7341463414634	3224000	2.77381	272319030456.189
FI	FIN	Finland	2002	5200598	62.43	78.119512195122	2043000	3.2574	148763741906.139
FI	FIN	Finland	2007	5288720	80.78	79.2634146341464	2472000	3.34577	199908526290.143
FI	FIN	Finland	2012	5413971	89.87999797	80.6268292682927	2778000	3.41948	221285752810.968
FI	FIN	Finland	2003	5213014	69.22	78.3682926829268	2047000	3.30214	151280484339.999
FI	FIN	Finland	2000	5176209	37.24846174	77.4658536585366	1971000	3.24569	138695242916.42
FI	FIN	Finland	2001	5188008	43.10536335	77.9658536585366	1999000	3.19795	144265892609.55
FR	FRA	France	2017	66864379	80.50245972	82.5756097560976	86758000	2.20557	2997296584981.42
FR	FRA	France	2011	65342780	77.81999899	82.1146341463415	80499000	2.19161	2446475413051
FR	FRA	France	2010	65027507	77.28	81.6634146341463	76647000	2.17857	2336237107185.55
FR	FRA	France	2005	63179351	42.87	80.1634146341463	74988000	2.05151	1926880446239.76
FR	FRA	France	2018	66965912	82.04318678	82.7243902439024	89322000	2.20002	3120958807400.34
FR	FRA	France	2006	63621381	46.87	80.8121951219512	77916000	2.05094	2063202748926.06
FR	FRA	France	2008	64374984	70.68	81.2146341463415	79218000	2.06117	2259256991361.58
FR	FRA	France	2009	64707040	71.58	81.4146341463415	76764000	2.21207	2246074865218.48
FR	FRA	France	2012	65659809	81.44	81.9682926829268	81980000	2.22707	2474003939353.38
FR	FRA	France	2014	66312067	83.75	82.719512195122	83701000	2.27592	2662033396692.53
FR	FRA	France	2013	65998687	81.9198	82.219512195122	83634000	2.23703	2608522466158.15
FR	FRA	France	2015	66548272	78.00603771	82.3219512195122	84452000	2.26703	2719223033898.26
FR	FRA	France	2019	67059887	83.33974409				3315117580574.84
FR	FRA	France	2004	62704895	39.15	80.1634146341463	74433000	2.09461	1820581746307.33
FR	FRA	France	2001	61357430	26.32590355	79.1585365853659	75202000	2.13804	1687440623635.58
FR	FRA	France	2007	64016225	66.09	81.1121951219512	80853000	2.02451	2182048699780.6
FR	FRA	France	2003	62244886	36.14	79.1146341463415	75048000	2.11994	1751690281552.46
FR	FRA	France	2002	61805267	30.18	79.2609756097561	77012000	2.17449	1762926373243.27
FR	FRA	France	2000	60912500	14.30792394	79.0560975609756	77190000	2.09346	1589840444463.08
FR	FRA	France	2016	66724104	79.26981132	82.5731707317073	82682000	2.22238	2863816346909.39
GB	GBR	United Kingdom	2012	63700215	87.47999842	80.9048780487805	29282000	1.59382	2440476088673.01
GB	GBR	United Kingdom	2007	61322463	75.09	79.4487804878049	30870000	1.62165	2182920267727.36
GB	GBR	United Kingdom	2011	63258810	85.37999855	80.9512195121951	29306000	1.66488	2350795692102
GB	GBR	United Kingdom	2019	66834405	92.51662855				3255483893726.23
GB	GBR	United Kingdom	2014	64602298	91.61	81.3048780487805	32613000	1.65915	2665874429446.03
GB	GBR	United Kingdom	2004	59987905	65.61	78.7463414634146	25678000	1.5423	1917500286870.9
GB	GBR	United Kingdom	2005	60401206	70	79.0487804878049	28039000	1.5612	1973200267375.52
GB	GBR	United Kingdom	2008	61806995	78.39	79.6	30142000	1.62307	2265856338473.77
GB	GBR	United Kingdom	2015	65116219	92.00029987	80.9560975609756	34436000	1.66818	2768620597517.21
GB	GBR	United Kingdom	2013	64128273	89.8441	81.0048780487805	31063000	1.63938	2563270947920.74
GB	GBR	United Kingdom	2010	62766365	85	80.4024390243902	28295000	1.66063	2282682174033.24
GB	GBR	United Kingdom	2017	66058859	90.42455049	81.2560975609756	37651000	1.69829	3037047081796.49
GB	GBR	United Kingdom	2002	59370479	56.48	78.1439024390244	22307000	1.6254	1725816341173.86
GB	GBR	United Kingdom	2003	59647577	64.82	78.4463414634146	22787000	1.5895	1805058287003.74
GB	GBR	United Kingdom	2001	59119673	33.48109487	77.9926829268293	20982000	1.61903	1640990228763.58
GB	GBR	United Kingdom	2000	58892514	26.82175435	77.7414634146342	23212000	1.62649	1555553504801.6
GB	GBR	United Kingdom	2006	60846820	68.82	79.2487804878049	30654000	1.58285	2115106520891.17
GB	GBR	United Kingdom	2009	62276270	83.56	80.0512195121951	28199000	1.6825	2181537403209.23
GB	GBR	United Kingdom	2016	65611593	94.77580063	81.1560975609756	35814000	1.68211	2897575333395.3
GB	GBR	United Kingdom	2018	66460344	90.69200899	81.2560975609756	36316000	1.72412	3120717081029.65
GR	GRC	Greece	2006	11020362	32.25	79.4390243902439	16039000	0.56118	314242602601.216
GR	GRC	Greece	2010	11121341	44.4	80.3878048780488	15007000	0.59838	313282504359.011
GR	GRC	Greece	2019	10716322	75.67120669				336486248967.871
GR	GRC	Greece	2008	11077841	38.2	79.9390243902439	15939000	0.66183	341817992911.939
GR	GRC	Greece	2007	11048473	35.88	79.4390243902439	16165000	0.57655	323607624217.038
GR	GRC	Greece	2009	11107017	42.4	80.1878048780488	14915000	0.62557	337523969989.556
GR	GRC	Greece	2011	11104899	51.64999517	80.7317073170732	16427000	0.67196	290296713794.743
GR	GRC	Greece	2014	10892413	63.21	81.3853658536585	22033000	0.8333	292335538628.945
GR	GRC	Greece	2013	10965211	59.8663	81.2853658536585	17920000	0.81131	286168672044.05
GR	GRC	Greece	2015	10820883	66.83495949	81.0365853658537	23599000	0.96121	291109078890.537
GR	GRC	Greece	2018	10732882	72.23837339	81.7878048780488	30123000	1.17732	325789646049.54
GR	GRC	Greece	2016	10775971	69.08791547	81.3878048780488	24799000	0.99394	299823740356.993
GR	GRC	Greece	2012	11045011	55.06999344	80.6341463414634	15518000	0.69957	279267183855.415
GR	GRC	Greece	2002	10902022	14.67	78.6414634146341	14180000		246559427995.662
GR	GRC	Greece	2003	10928070	17.8	78.8414634146341	13969000	0.54654	260858583966.021
GR	GRC	Greece	2017	10754679	69.89297065	81.2878048780488	27194000	1.13109	312843008068.548
GR	GRC	Greece	2005	10987314	24	79.2390243902439	14765000	0.57896	281028288404.685
GR	GRC	Greece	2001	10862132	10.93502581	78.3878048780488	14057000	0.55948	227711004033.73
GR	GRC	Greece	2004	10955141	21.42	79.0390243902439	13313000	0.5273	278670064907.415
GR	GRC	Greece	2000	10805808	9.138837308	77.8878048780488	13096000		210967341177.736
HR	HRV	Croatia	2017	4124531	67.09619204	77.8268292682927	15593000	0.8645	109694949314.833
HR	HRV	Croatia	2018	4087843	75.29462599	78.0707317073171	16645000	0.97489	114617743866.205
HR	HRV	Croatia	2012	4267558	61.93997315	76.9243902439024	10369000	0.75029	90201146678.8162
HR	HRV	Croatia	2004	4304600	30.91	75.520243902439	7912000	1.03207	62565212792.8475
HR	HRV	Croatia	2019	4067500	79.07978368				121916910631.264
HR	HRV	Croatia	2016	4174349	72.69726967	78.0219512195122	13809000	0.8627	103182099920.947
HR	HRV	Croatia	2010	4295427	56.55	76.4756097560976	9111000	0.7422	84947206694.1289
HR	HRV	Croatia	2013	4255689	66.7476	77.1268292682927	10948000	0.81016	92642901896.8506
HR	HRV	Croatia	2001	4299642	11.55857318	74.5129268292683	6544000	0.91644	49933902310.5921
HR	HRV	Croatia	2009	4305181	50.58	76.1682926829268	8694000	0.84323	86163548533.3302
HR	HRV	Croatia	2003	4303399	22.75	74.6139024390244	7409000	0.95034	58312557043.6743
HR	HRV	Croatia	2015	4203604	69.84503592	77.2756097560976	12683000	0.84027	96739632455.977
HR	HRV	Croatia	2014	4238389	68.57	77.4780487804878	11623000	0.78252	93507647316.3196
HR	HRV	Croatia	2000	4468302	6.644882544	72.8078048780488	5831000	1.0441	47382874844.5291
HR	HRV	Croatia	2007	4310217	41.44	75.7056097560976	8559000	0.79187	83418284099.1955
HR	HRV	Croatia	2002	4302174	17.76	74.7173170731707	6944000	0.94846	54412215447.9705
HR	HRV	Croatia	2008	4309705	44.24	75.9121951219512	8665000	0.88397	89539883304.3465
HR	HRV	Croatia	2005	4310145	33.14	75.2446341463415	7743000	0.85689	65962085047.1329
HR	HRV	Croatia	2011	4280622	57.78997899	76.7756097560976	9927000	0.75041	88795201139.4359
HR	HRV	Croatia	2006	4311159	37.98	75.8368292682927	7988000	0.74081	75136163055.6407
HU	HUN	Hungary	2017	9787966	76.75054712	75.8170731707317	15785000	1.3486	289031874731.567
HU	HUN	Hungary	2016	9814023	79.25941213	76.0634146341464	15255000	1.20423	271844815110.907
HU	HUN	Hungary	2014	9866468	75.65319745	75.7634146341463	12140000	1.35373	252630796804.085
HU	HUN	Hungary	2001	10187576	14.5285543	72.2487804878049		0.91189	134614287671.853
HU	HUN	Hungary	2004	10107146	27.74	72.6487804878049		0.86035	164028811074.495
HU	HUN	Hungary	2013	9893082	72.6439	75.5658536585366	10624000	1.38884	242362495294.426
HU	HUN	Hungary	2009	10022650	62	73.9048780487805	9058000	1.13212	207405963640.368
HU	HUN	Hungary	2000	10210971	6.999676351	71.2463414634146		0.78942	121077810763.972
HU	HUN	Hungary	2002	10158608	16.67	72.3487804878049		0.98198	147567884018.729
HU	HUN	Hungary	2012	9920362	70.57999815	75.0634146341463	10353000	1.26362	229637808205.604
HU	HUN	Hungary	2018	9775564	76.07436064	76.0658536585366	17552000	1.55484	308700187469.18
HU	HUN	Hungary	2006	10071370	47.06	73.0975609756098	9259000	0.98097	184705079194.291
HU	HUN	Hungary	2015	9843028	72.83473703	75.5682926829269	14316000	1.36245	262494273040.165
HU	HUN	Hungary	2019	9769949	80.37169361				331972658347.038
HU	HUN	Hungary	2011	9971727	68.01998789	74.8585365853659	10250000	1.18897	228296184503.14
HU	HUN	Hungary	2005	10087065	38.97	72.6487804878049	9979000	0.92094	172222023006.273
HU	HUN	Hungary	2010	10000023	65	74.2073170731707	9510000	1.13945	215860857902.379
HU	HUN	Hungary	2008	10038188	61	73.7024390243903	8814000	0.9796	207757652349.402
HU	HUN	Hungary	2003	10129552	21.63	72.3		0.91841	156647558815.992
HU	HUN	Hungary	2007	10055780	53.3	73.1512195121951	8638000	0.95674	191506485550.722
IE	IRL	Ireland	2010	4560155	69.85	80.7439024390244	7134000	1.59153	197579670763.957
IE	IRL	Ireland	2009	4535375	67.38	80.190243902439	7189000	1.6082	188913080272.807
IE	IRL	Ireland	2002	3931947	25.85	77.6341463414634	6476000	1.05605	138452090179.502
IE	IRL	Ireland	2019	4941444					436037470943.632
IE	IRL	Ireland	2008	4489544	65.34	80.0951219512195	8026000	1.38766	198813754821.605
IE	IRL	Ireland	2011	4580084	74.88997297	80.7463414634146	7630000	1.56058	205441154978.936
IE	IRL	Ireland	2007	4398942	61.15832455	79.6414634146341	8332000	1.23325	205678256112.659
IE	IRL	Ireland	2012	4599533	76.91999254	80.8463414634146	7550000	1.56119	212758615042.183
IE	IRL	Ireland	2013	4623816	78.2477	80.9487804878049	8260000	1.5658	221468263546.13
IE	IRL	Ireland	2006	4273591	54.82	79.2414634146342	8001000	1.19836	188882250899.263
IE	IRL	Ireland	2005	4159914	41.61	78.9439024390244	7333000	1.19281	168217664600.522
IE	IRL	Ireland	2004	4070262	36.99	78.5390243902439	6953000	1.17866	157394585459.82
IE	IRL	Ireland	2018	4867316	84.52230206	82.2560975609756	10926000	1.14647	411091813766.909
IE	IRL	Ireland	2014	4657740	83.49172234	81.3487804878049	8813000	1.52307	237861357856.322
IE	IRL	Ireland	2000	3805174	17.85046724	76.5365853658537	6646000	1.08497	114859024263.588
IE	IRL	Ireland	2003	3996521	34.31	78.1390243902439	6764000	1.12451	144827319500.952
IE	IRL	Ireland	2016	4755335		81.6536585365854	10100000	1.16892	342011858342.911
IE	IRL	Ireland	2015	4701957	83.49479167	81.4536585365854	9528000	1.18267	324698559055.381
IE	IRL	Ireland	2001	3866243	23.13881219	77.1341463414634	6353000	1.05306	125832266801.208
IE	IRL	Ireland	2017	4807388	84.11400706	82.1560975609756	10338000		375592482609.637
IT	ITA	Italy	2005	57969484	35	80.7829268292683	36513000	1.04709	1746657911754.7
IT	ITA	Italy	2003	57313203	29.04	79.9829268292683	39604000	1.06198	1671542411985.02
IT	ITA	Italy	2001	56974100	27.22211698	80.1268292682927	39563000	1.04491	1597879845668.84
IT	ITA	Italy	2017	60536709	63.077347	82.9463414634147	58253000	1.37744	2529503666965.27
IT	ITA	Italy	2013	60233948	58.4593	82.690243902439	47704000	1.30768	2187377576803.98
IT	ITA	Italy	2014	60789140	55.63846022	83.090243902439	48576000	1.34301	2200255257934.9
IT	ITA	Italy	2019	60297396					2664945505935.4
IT	ITA	Italy	2016	60627498	61.32425277	83.2439024390244	52372000	1.37124	2420426054252.35
IT	ITA	Italy	2012	59539717	55.82999799	82.2390243902439	46360000	1.27087	2172383785077.79
IT	ITA	Italy	2011	59379449	54.3899983	82.1878048780488	46119000	1.20984	2173169963370.93
IT	ITA	Italy	2015	60730582	58.14173496	82.5439024390244	50732000	1.34115	2241524993398.74
IT	ITA	Italy	2018	60421760	74.38718292	83.3463414634146	61567200	1.39909	2587030339782.73
IT	ITA	Italy	2006	58143979	37.99	81.2829268292683	41058000	1.08696	1884706039437.51
IT	ITA	Italy	2010	59277417	53.68	82.0365853658537	43626000	1.22311	2085496212846.81
IT	ITA	Italy	2009	59095365	48.83	81.6365853658537	43239000	1.22126	2046839852007.77
IT	ITA	Italy	2000	56942108	23.11087424	79.7780487804878	41181000	1.00546	1542139023351.08
IT	ITA	Italy	2004	57685327	33.24	80.7804878048781	37071000	1.05312	1703326268974.96
IT	ITA	Italy	2007	58438310	40.79	81.4341463414634	43654000	1.1327	1993080670383.34
IT	ITA	Italy	2002	57059007	28.04	80.2292682926829	39799000	1.08482	1639680554324.34
IT	ITA	Italy	2008	58826731	44.53	81.4853658536586	42734000	1.16367	2089717925618.93
LT	LTU	Lithuania	2006	3269909	43.9	71.0560975609756	2180000	0.79119	53893968504.078
LT	LTU	Lithuania	2016	2868231	74.37664556	74.6707317073171	2296000	0.84329	88699845604.0485
LT	LTU	Lithuania	2004	3377075	31.23	71.9609756097561	1800000	0.75066	44008465206.2913
LT	LTU	Lithuania	2015	2904910	71.37805901	74.3219512195122	2071000	1.04095	83730597415.0676
LT	LTU	Lithuania	2005	3322528	36.22	71.2536585365854	2000000	0.74741	48263291601.7483
LT	LTU	Lithuania	2013	2957689	68.4529	73.9146341463415	2012000	0.95088	78911079132.147
LT	LTU	Lithuania	2002	3443067	17.69	71.7609756097561	1428000	0.6567	36132747527.5176
LT	LTU	Lithuania	2012	2987773	67.22998933	73.8634146341464	1900000	0.89469	73635737734.6153
LT	LTU	Lithuania	2014	2932367	72.13	74.5170731707317	2063000	1.03048	82564270189.9137
LT	LTU	Lithuania	2017	2828403	77.61525651	75.4804878048781	2523000	0.89808	95659970670.1725
LT	LTU	Lithuania	2003	3415213	25.91	72.0609756097561	1491000	0.66339	41214452084.7705
LT	LTU	Lithuania	2001	3470818	7.179356994	71.6585365853659	1271000	0.66679	32805212033.5297
LT	LTU	Lithuania	2019	2786844	81.58186838				106497033297.345
LT	LTU	Lithuania	2007	3231294	49.9	70.9	1486000	0.80093	61698982117.4761
LT	LTU	Lithuania	2010	3097282	62.12	73.2682926829268	1507000	0.78348	62112596122.8684
LT	LTU	Lithuania	2008	3198231	55.22	71.8121951219512	1611000	0.78844	66344339088.5645
LT	LTU	Lithuania	2011	3028115	63.6399774	73.5634146341464	1775000	0.9039	69113557960.608
LT	LTU	Lithuania	2000	3499536	6.427067495	72.0195121951219	1083000	0.5848	29604692441.2476
LT	LTU	Lithuania	2009	3162916	59.76	72.9146341463415	1341000	0.82967	57437546514.3803
LT	LTU	Lithuania	2018	2801543	79.72258277	75.6804878048781	2825000	0.94496	100384504446.564
LU	LUX	Luxembourg	2016	582014	98.13669867	82.6853658536585	1054000	1.29524	64399672527.5245
LU	LUX	Luxembourg	2017	596336	97.36296032	82.0951219512195	1046000	1.30327	67280181468.9465
LU	LUX	Luxembourg	2008	488650	82.23	80.5390243902439	877000	1.62293	42362971851.4074
LU	LUX	Luxembourg	2007	479993	78.92	79.3829268292683	914000	1.59123	40307717243.2934
LU	LUX	Luxembourg	2015	569604	96.37671417	82.2926829268293	1090000	1.28405	59096856502.3694
LU	LUX	Luxembourg	2003	451630	54.55	77.7268292682927	867000	1.62595	27115969640.8047
LU	LUX	Luxembourg	2018	607950	97.06129871	82.2951219512195	1018000	1.23562	71000340500.3936
LU	LUX	Luxembourg	2019	619896					75188883903.8919
LU	LUX	Luxembourg	2014	556319	94.67	82.2292682926829	1038000	1.26404	56353766041.0479
LU	LUX	Luxembourg	2013	543360	93.7765	81.8	945000	1.30266	51940075107.1763
LU	LUX	Luxembourg	2001	441525	36.16342251	77.8243902439025	836000		24679209789.4911
LU	LUX	Luxembourg	2000	436300	22.88732797	77.8731707317073	852000	1.57673	24154411064.4221
LU	LUX	Luxembourg	2004	458095	65.88	79.1219512195122	878000	1.60262	29341820786.6632
LU	LUX	Luxembourg	2010	506953	90.62	80.6317073170732	805000	1.50257	43434533307.3879
LU	LUX	Luxembourg	2011	518347	90.02985856	80.9878048780488	874000	1.46277	47690524461.9649
LU	LUX	Luxembourg	2012	530946	91.94992374	81.3926829268293	950000	1.27267	48646428610.814
LU	LUX	Luxembourg	2006	472637	72.51	79.2878048780488	908000	1.66674	36836477089.73
LU	LUX	Luxembourg	2005	465158	70	79.4317073170732	913000	1.57171	31733108754.2518
LU	LUX	Luxembourg	2002	446175	39.84	77.9658536585366	885000		26222378149.9609
LU	LUX	Luxembourg	2009	497783	87.31	80.6365853658537	847000	1.6775	40987695882.111
LV	LVA	Latvia	2000	2367550	6.319062083	70.3146341463415	509000	0.43598	18981986127.8214
LV	LVA	Latvia	2012	2034319	73.11994377	73.7780487804878	1435000	0.66424	43313156236.3567
LV	LVA	Latvia	2010	2097555	68.42	73.4829268292683	1373000	0.61078	36917843177.9469
LV	LVA	Latvia	2003	2287955	26.98	71.2658536585366	971000	0.36002	25192922036.7631
LV	LVA	Latvia	2017	1942248	80.114077	74.6292682926829	1949000	0.51012	55332554898.2565
LV	LVA	Latvia	2014	1993782	75.83	74.1243902439024	1843000	0.6893	47540328804.5663
LV	LVA	Latvia	2008	2177322	63.41	72.419512195122	1684000	0.58139	42383912499.5656
LV	LVA	Latvia	2013	2012647	75.2344	73.9829268292683	1536000	0.6122	45672616675.1123
LV	LVA	Latvia	2006	2218357	53.63	70.8658536585366	1535000	0.65063	34922333588.0264
LV	LVA	Latvia	2015	1977527	79.20058292	74.4804878048781	2024000	0.62623	49103820599.6763
LV	LVA	Latvia	2011	2059709	69.74995456	73.5756097560976	1493000	0.69662	40760565612.312
LV	LVA	Latvia	2009	2141669	66.84	73.0804878048781	1323000	0.45271	36273304547.5848
LV	LVA	Latvia	2018	1927174	83.57717486	74.7829268292683	1946000	0.63068	59057492337.3363
LV	LVA	Latvia	2007	2200325	59.17	71.019512195122	1653000	0.55379	39883039015.2438
LV	LVA	Latvia	2002	2310173	21.94	70.9609756097561	848000	0.40888	23223235583.3829
LV	LVA	Latvia	2019	1912789	86.13545644				61600332700.6767
LV	LVA	Latvia	2004	2263122	38.58	72.0268292682927	1079000	0.40013	27608294804.0511
LV	LVA	Latvia	2005	2238799	46	71.3560975609756	1116000	0.52959	30977938494.0902
LV	LVA	Latvia	2001	2337170	7.219345808	70.7609756097561	591000	0.40321	21077692575.5144
LV	LVA	Latvia	2016	1959537	79.84209778	74.580487804878	1793000	0.44094	51740645049.4547
MT	MLT	Malta	2008	409379	50.08	79.6365853658537	1291000	0.53331	10722882905.3865
MT	MLT	Malta	2007	406724	46.9	79.7926829268293	1244000	0.5485	10123965915.0134
MT	MLT	Malta	2006	405308	40.41	79.4390243902439	1124000	0.58025	9411218181.91931
MT	MLT	Malta	2019	502653	85.77859638				22946901130.2532
MT	MLT	Malta	2018	484630	81.65804429	82.4487804878049	2599000	0.57462	21108159040.5964
MT	MLT	Malta	2004	401268	34.62	79.2536585365854	1156000	0.49256	8561583901.93594
MT	MLT	Malta	2005	403834	41.24	79.3	1171000	0.52996	8990872386.14044
MT	MLT	Malta	2003	398582	31.64	78.5463414634146	1127000	0.23707	8283172357.10914
MT	MLT	Malta	2011	416268	68.01982379	80.7463414634146	1415000	0.6738	11905972930.3157
MT	MLT	Malta	2017	467999	81.01191108	82.3463414634146	2274000	0.58275	19447669385.8849
MT	MLT	Malta	2009	412477	58.86	80.2414634146342	1182000	0.5174	10790163477.5645
MT	MLT	Malta	2010	414508	63	81.3975609756098	1339000	0.60667	11535684778.4552
MT	MLT	Malta	2016	455356	78.0751488	82.4536585365854	1966000	0.56749	17622099383.3294
MT	MLT	Malta	2001	393028	17.87784832	78.8439024390244	1180000		7239316994.94431
MT	MLT	Malta	2012	420028	68.19987429	80.7463414634146	1443000	0.82618	12358651693.0737
MT	MLT	Malta	2013	425967	68.9138	81.7463414634146	1582000	0.77238	13238389611.4923
MT	MLT	Malta	2002	395969	28.92	78.7390243902439	1134000	0.2385	7754899902.19779
MT	MLT	Malta	2015	445053	75.96001898	81.8975609756098	1783000	0.74085	16059011070.5794
MT	MLT	Malta	2014	434558	73.17	82.0463414634146	1690000	0.71197	14508619508.7562
MT	MLT	Malta	2000	390087	13.11370871	78.3487804878049	1216000		7134582843.37632
NL	NLD	Netherlands	2006	16346101	83.7	79.6975609756098	10739000	1.74067	669606824526.415
NL	NLD	Netherlands	2018	17231624	92.56756757	81.8121951219512	18780000	2.16374	991941839767.178
NL	NLD	Netherlands	2004	16281779	68.52	79.0951219512195	9646000	1.78901	582518266772.469
NL	NLD	Netherlands	2019	17332850	93.2885906				1034542899621.25
NL	NLD	Netherlands	2008	16445593	87.42	80.2512195121951	10104000	1.62269	763407743799.947
NL	NLD	Netherlands	2007	16381696	85.82	80.0975609756098	11008000	1.6703	719050417259.904
NL	NLD	Netherlands	2002	16148929	61.29	78.2926829268293	9595000	1.74543	556285472929.846
NL	NLD	Netherlands	2017	17131296	93.19727891	81.7609756097561	17924000	1.98308	948181470187.003
NL	NLD	Netherlands	2005	16319868	81	79.3463414634146	10012000	1.77388	614044200508.505
NL	NLD	Netherlands	2003	16225302	64.35	78.4926829268293	9181000	1.7839	553482674322.596
NL	NLD	Netherlands	2001	16046180	49.37306211	78.190243902439	9500000	1.79609	532642937201.143
NL	NLD	Netherlands	2016	17030314	90.4109589	81.5609756097561	15828000	1.99685	890398578051.304
NL	NLD	Netherlands	2000	15925513	43.98435137	77.9878048780488	10003000	1.7898	507749234175.488
NL	NLD	Netherlands	2009	16530388	89.63	80.5487804878049	9921000	1.6657	737252338565.806
NL	NLD	Netherlands	2010	16615394	90.72	80.7024390243902	10883000	1.70404	748922932716.248
NL	NLD	Netherlands	2012	16754962	92.85999236	81.1048780487805	11680000	1.91627	792042289740.032
NL	NLD	Netherlands	2011	16693074	91.41999576	81.2048780487805	11300000	1.88131	777880906388.857
NL	NLD	Netherlands	2015	16939923	91.72413793	81.509756097561	15007000	1.98487	852113154375.18
NL	NLD	Netherlands	2014	16865008	91.666666	81.7073170731707	13925000	1.97568	830318571509.821
NL	NLD	Netherlands	2013	16804432	93.9564	81.3048780487805	12783000	1.92987	827475738129.662
PL	POL	Poland	2015	37986412	67.99698716	77.4512195121951	16728000	1.00325	1020174052202.07
PL	POL	Poland	2007	38120560	48.6	75.2439024390244	14975000	0.56189	639917041334.925
PL	POL	Poland	2008	38125759	53.13	75.5439024390244	12960000	0.59921	698096288057.547
PL	POL	Poland	2019	37970874	84.51645192				1299276571937.35
PL	POL	Poland	2012	38063164	62.30999727	76.7463414634146	14840000	0.88086	907167369644.705
PL	POL	Poland	2018	37974750	77.54173454	77.6024390243903	19622000	1.21228	1208903726913.46
PL	POL	Poland	2014	38011735	66.6	77.6024390243903	16000000	0.93978	973566357429.12
PL	POL	Poland	2006	38141267	44.58	75.1439024390244	15670000	0.55082	577439686250.295
PL	POL	Poland	2002	38230364	21.15	74.4975609756098	13980000	0.55785	450394072658.275
PL	POL	Poland	2003	38204570	24.87	74.5975609756098	13720000	0.53884	468286207442.492
PL	POL	Poland	2011	38063255	61.94999897	76.6951219512195	13350000	0.74588	869769693309.293
PL	POL	Poland	2013	38040196	62.8492	77	15800000	0.87053	940325020076.099
PL	POL	Poland	2005	38165445	38.81	74.9951219512195	15200000	0.56281	530341428414.619
PL	POL	Poland	2017	37974826	75.98536595	77.7536585365854	18258000	1.03445	1145045114530.35
PL	POL	Poland	2010	38042794	62.32	76.2463414634146	12470000	0.7207	801336653343.38
PL	POL	Poland	2000	38258629	7.285428708	73.7487804878049	17400000	0.64202	407661970478.243
PL	POL	Poland	2001	38248076	9.900669707	74.2	15000000	0.62284	424633333696.279
PL	POL	Poland	2009	38151603	58.97	75.6951219512195	11890000	0.66097	734835133469.247
PL	POL	Poland	2016	37970087	73.3007041	77.8512195121951	17471000	0.9641	1073934604256.85
PL	POL	Poland	2004	38182222	32.53	74.8463414634146	14290000	0.55251	509395066675.547
PT	PRT	Portugal	2010	10573100	53.3	79.0268292682927	6756000	1.53257	288435921606.665
PT	PRT	Portugal	2007	10542964	42.09	78.3219512195122	6788000	1.12427	271021439746.467
PT	PRT	Portugal	2015	10358076	68.63286148	81.1243902439025	11723000	1.24263	307312298431.916
PT	PRT	Portugal	2016	10325452	70.42356709	81.1243902439025	13359000	1.28081	326331225917.538
PT	PRT	Portugal	2000	10289898	16.43046769	76.3146341463415	5599000	0.72127	194311791462.138
PT	PRT	Portugal	2013	10457295	62.0956	80.7219512195122	9177000	1.32641	292135407902.921
PT	PRT	Portugal	2006	10522288	38.01	78.419512195122	6349000	0.95455	259405439604.075
PT	PRT	Portugal	2019	10269417	75.34637155				374532896094.664
PT	PRT	Portugal	2009	10568247	48.27	78.7268292682927	6439000	1.57973	279893345736.414
PT	PRT	Portugal	2011	10557560	55.24999688	80.4707317073171	7264000	1.45683	282620727896.604
PT	PRT	Portugal	2014	10401062	64.59	81.1219512195122	10497000	1.28973	298951904406.531
PT	PRT	Portugal	2012	10514844	60.33999749	80.3731707317073	7503000	1.37777	277991617084.959
PT	PRT	Portugal	2003	10458821	29.67	77.219512195122	5383000	0.69759	217839732509.705
PT	PRT	Portugal	2018	10283822	74.66096815	81.3243902439024	16186000	1.36552	353153783393.691
PT	PRT	Portugal	2001	10362722	18.08713656	76.8146341463415	5392000	0.76452	202417544393.21
PT	PRT	Portugal	2005	10503330	34.99	78.0707317073171	5769000	0.75707	238691088867.445
PT	PRT	Portugal	2008	10558177	44.13	78.5243902439025	6962000	1.4452	281542630016.914
PT	PRT	Portugal	2002	10419631	19.37	77.0658536585366	5560000	0.72144	212108753260.396
PT	PRT	Portugal	2004	10483861	31.78	77.6707317073171	5654000	0.72871	224966587859.803
PT	PRT	Portugal	2017	10300300	73.79121395	81.4243902439025	15432000	1.32833	340796722600.216
RO	ROU	Romania	2009	20367487	36.6	73.309756097561	7575000	0.44395	339074965190.161
RO	ROU	Romania	2008	20537875	32.42	72.5658536585366	8862000	0.55215	344670870561.193
RO	ROU	Romania	2018	19472545	70.68127793	75.3585365853659	11720000	0.5051	568867842524.768
RO	ROU	Romania	2016	19702267	59.50395129	75.209756097561	10223000	0.48033	476120109296.399
RO	ROU	Romania	2004	21451748	15	71.5942756097561	6600000	0.38942	192682779093.954
RO	ROU	Romania	2000	22442971	3.613717291	71.1634146341463	5264000	0.36626	131298091469.925
RO	ROU	Romania	2007	20882982	28.3	72.5658536585366	7722000	0.51148	285802256660.194
RO	ROU	Romania	2001	22131970	4.538669029	71.1609756097561	4938000	0.39129	144332298357.674
RO	ROU	Romania	2019	19356544	73.65748258				625164173840.483
RO	ROU	Romania	2014	19908979	54.08	74.909756097561	8442000	0.38225	410588099293.823
RO	ROU	Romania	2015	19815616	55.76315563	74.9121951219512	9331000	0.48793	428641451654.157
RO	ROU	Romania	2006	21193760	24.66	72.1634146341463	6037000	0.45682	244632686372.984
RO	ROU	Romania	2003	21574326	8.9	71.309756097561	5595000	0.39708	162923336368.077
RO	ROU	Romania	2005	21319685	21.5	71.8788951219512	5839000	0.41262	204714313540.175
RO	ROU	Romania	2012	20058035	45.87999425	74.4121951219512	7937000	0.48383	379731788431.321
RO	ROU	Romania	2013	19983693	49.7645	75.0634146341463	8019000	0.38787	395622476975.585
RO	ROU	Romania	2011	20147528	40.00999678	74.409756097561	7611000	0.49832	360795114942.241
RO	ROU	Romania	2002	21730496	6.58	71.009756097561	4794000	0.37721	155640767510.347
RO	ROU	Romania	2010	20246871	39.93	73.4585365853659	7498000	0.45688	343773106852.942
RO	ROU	Romania	2017	19587290	63.74728218	75.309756097561	10926000	0.5039	532611099707.383
SK	SVK	Slovak Republic	2018	5446771	80.44892248	77.2658536585366	2256000	0.83252	177427602033.946
SK	SVK	Slovak Republic	2019	5454073	82.8536605				186409049340.244
SK	SVK	Slovak Republic	2007	5374622	61.8	74.2073170731707	1685000	0.44824	113943752728.48
SK	SVK	Slovak Republic	2017	5439232	81.62566752	77.1658536585366	2162000	0.88267	168112643083.746
SK	SVK	Slovak Republic	2004	5372280	52.89	73.9585365853659	1401000	0.50149	81725881901.094
SK	SVK	Slovak Republic	2005	5372807	55.19	73.9048780487805	1515000	0.49401	89400253225.0781
SK	SVK	Slovak Republic	2006	5373054	56.08	74.2048780487805	1612000	0.47563	101503651409.687
SK	SVK	Slovak Republic	2012	5407579	76.70999012	76.109756097561	1528000	0.80495	145644608377.499
SK	SVK	Slovak Republic	2016	5430798	80.47585728	77.1658536585366	2027000	0.78895	161031437967.59
SK	SVK	Slovak Republic	2008	5379233	66.05	74.7048780487805	1767000	0.46204	127626916993.841
SK	SVK	Slovak Republic	2009	5386406	70	74.909756097561	1298000	0.47326	124441129018.167
SK	SVK	Slovak Republic	2002	5376912	40.14	73.6048780487805	1399000	0.56389	71578545706.9555
SK	SVK	Slovak Republic	2015	5423801	77.63468203	76.5634146341463	1721000	1.17171	162302480378.172
SK	SVK	Slovak Republic	2011	5398384	74.43999717	75.9585365853659	1460000	0.66326	140626782410.196
SK	SVK	Slovak Republic	2001	5378867	12.52832185	73.4024390243903	1219000	0.62565	66651011241.1851
SK	SVK	Slovak Republic	2010	5391428	75.71	75.1121951219512	1327000	0.61614	135710939711.011
SK	SVK	Slovak Republic	2014	5418649	79.98	76.8121951219512	1475000	0.88008	157095119197.712
SK	SVK	Slovak Republic	2003	5373374	43.04	73.6048780487805	1387000	0.56247	76117131516.5072
SK	SVK	Slovak Republic	2013	5413393	77.8826	76.4121951219512	1670000	0.82362	151397294776.879
SK	SVK	Slovak Republic	2000	5388720	9.426803201	73.0512195121951	1053000	0.63927	61328111773.7871
SI	SVN	Slovenia	2003	1995733	31.85479301	76.8585365853659	1373000	1.24528	42088620439.2036
SI	SVN	Slovenia	2000	1988925	15.11025956	75.4121951219512	1090000	1.3563	35816494136.3765
SI	SVN	Slovenia	2005	2000474	46.81	77.6121951219512	1555000	1.41229	47716592721.283
SI	SVN	Slovenia	2001	1992060	30.17591047	75.7585365853659	1219000	1.46773	37762067050.5781
SI	SVN	Slovenia	2015	2063531	73.09865997	80.7756097560976	3022000	2.19504	65283414434.9714
SI	SVN	Slovenia	2016	2065042	75.49850426	81.1756097560976	3397000	2.01191	69939494147.2441
SI	SVN	Slovenia	2012	2057159	68.34997453	80.1243902439024	2377000	2.57319	59745699109.9106
SI	SVN	Slovenia	2004	1997012	40.81	77.2073170731707	1499000	1.36806	45412642735.3912
SI	SVN	Slovenia	2019	2087946	83.1083578				84888696324.1167
SI	SVN	Slovenia	2017	2066388	78.88542636	81.0292682926829	3991000	1.86581	75734777836.5049
SI	SVN	Slovenia	2002	1994530	27.83888542	76.0073170731707	1302000	1.43874	40372329697.6097
SI	SVN	Slovenia	2011	2052843	67.33999481	79.9707317073171	2236000	2.42358	59391588537.9105
SI	SVN	Slovenia	2010	2048583	70	79.4219512195122	2049000	2.05763	57043842484.3091
SI	SVN	Slovenia	2013	2059953	72.6756	80.3219512195122	2502000	2.5801	61744411397.5613
SI	SVN	Slovenia	2006	2006868	54.01	78.0865853658537	1617000	1.53291	51555225746.2075
SI	SVN	Slovenia	2018	2073894	79.7499766	81.3780487804878	4425000	1.94221	80361841190.1078
SI	SVN	Slovenia	2008	2021316	58	78.7658536585366	1958000	1.62564	59839627541.6582
SI	SVN	Slovenia	2009	2039669	64	78.9707317073171	1824000	1.81629	56221915503.3542
SI	SVN	Slovenia	2007	2018122	56.74	78.5609756097561	1751000	1.42382	55582074447.6016
SI	SVN	Slovenia	2014	2061980	71.59	81.0780487804878	2675000	2.36743	63653371400.3498
SE	SWE	Sweden	2000	8872109	45.68765221	79.6439024390244	3828000		262875048303.536
SE	SWE	Sweden	2007	9148092	82.01	80.9	5224000	3.25273	373815262454.887
SE	SWE	Sweden	2012	9519374	93.17998801	81.7048780487805	5146000	3.27772	432488311645.095
SE	SWE	Sweden	2009	9298515	91	81.3512195121951	4899000	3.44598	374899631559.742
SE	SWE	Sweden	2019	10285453	94.49344341				574077546615.76
SE	SWE	Sweden	2010	9378126	90	81.4512195121951	5183000	3.21262	396245955438.947
SE	SWE	Sweden	2008	9219637	90	81.1	4555000	3.49104	388684182888.548
SE	SWE	Sweden	2002	8924958	70.57	79.8463414634146	4276000		276017763557.301
SE	SWE	Sweden	2001	8895960	51.76566494	79.7951219512195	4108000	3.90785	266348638039.906
SE	SWE	Sweden	2006	9080505	87.76	80.7487804878049	4729000	3.49609	342195667508.727
SE	SWE	Sweden	2011	9449213	92.76998606	81.8024390243903	5222000	3.24522	421515976518.429
SE	SWE	Sweden	2017	10057698	93.00626697	82.409756097561	7054000	3.39676	530433049355.765
SE	SWE	Sweden	2004	8993531	83.89	80.4975609756098	4676000	3.38737	304232399561.548
SE	SWE	Sweden	2013	9600379	94.7836	81.9560975609756	5229000	3.30252	444616519268.393
SE	SWE	Sweden	2018	10175214		82.5585365853659	7440000	3.33937	546885183363.695
SE	SWE	Sweden	2015	9799186	90.61019664	82.2048780487805	6482000	3.26418	481299836150.171
SE	SWE	Sweden	2014	9696110	92.52	82.2536585365854	5660000	3.14261	457507742235.106
SE	SWE	Sweden	2005	9029572	84.83	80.5463414634146	4883000	3.38312	309212862460.073
SE	SWE	Sweden	2016	9923085	89.65094761	82.3073170731707	6782000	3.26923	500373095507.237
SE	SWE	Sweden	2003	8958229	79.13	80.0951219512195	4268000	3.60977	284693548208.76
